,index,Processed Tweets
0,0,gradual increas close border late decemb covid china tire lockdown kid onlin class pandem babi fed
1,1,onlin class shet yawqna hahahahahahahaha lol
2,2,reason fastest ata wala masyadong ganap life onlin class
3,3,onlin class perform school amp
4,4,nanapansiarvin onlin class hhahhaahahh
5,5,surviv colleg life laptop struggl lot pandem onlin class onlin laptop thankyou lord prepar virtual ojt ltthen start financi report sem nalang
6,6,onlin class
7,7,onlin seller powerbank trigger trust issu orig fake class warranti pay issu doubl price putang ina cebu visaya
8,8,amam duti ampm onlin class hooray tulogay studi worker
9,9,hahahahaha hope avail onlin class
10,10,hahaha onlin class chz
11,11,bitter panyawan onlin class
12,12,grad student prefer onlin class chanc enter school
13,13,onlin class lazi
14,14,onlin class sem hshshahahaha
15,15,mom understand difficulti onlin class angri asleep morn slept hour
16,16,onlin class
17,17,xingqiu tire onlin class
18,18,onlin class
19,19,wait attend live hahaha onlin class missunivers philippin
20,20,wake onlin class wake
21,21,onlin class
22,22,peopl experienc onlin class quiet opinion difficult easier onlin haaay onlin setup drain
23,23,onlin class lot money school student learn
24,24,wellspent day polic clearanc car mainten onlin class mock defens workout debrief present slide
25,25,atti cri bet mag sem sem' onlin class
26,26,glad experi onlin class liter insan
27,27,stupid onlin class
28,28,tire onlin class
29,29,onlin class music teacher kid hous kubo kid yeee answer teacher song ___ student love song command son sing love song hahaha
30,30,onlin class
31,31,load internet onlin class load
32,32,hahahaha onlin class shower
33,33,fun onlin class ate mang inas program class
34,34,mom teach onlin class hannah sad mind money
35,35,onlin class suddenli brother watch jirisanep multitask
36,36,terribl decemb project neighbor fun holiday onlin class deadlin
37,37,onlin class start vvideok
38,38,difficult onlin class amp taena hope tomorrow internet connect wednesday lord
39,39,fell asleep hahah tire onlin class kokoy patrick fastforward
40,40,onlin class yan tal valenzuela citi
41,41,stock food onlin classgt
42,42,onlin class muna
43,43,late bday gift nina reysan super happi kuya arth onlin class birth arth explos gift
44,44,add pressur stress caus onlin class clean hous continu focu onlin class manag mental health
45,45,love beauti inspir class pictur session onlin opportun meetclassm batchmat quicksketch sketch digitalart procreat draw jpineapplepen
46,46,night duti onlin class tomorrow night duti bitch kill hahaha
47,47,bag onlin class hahahahaha
48,48,action slow internet hope onlin class slow
49,49,sleep onlin class
50,50,set chicken cock cock onlin class cage
51,51,onlin class dumb understand prof gmeet
52,52,onlin class sir watch concert
53,53,hey grade sub onlin class easi
54,54,onlin class setup chelseaariana baguio citi
55,55,onlin class excit ftf
56,56,onlin class
57,57,onlin class switch hahahahahhaa
58,58,physic listen onlin class mental instagram
59,59,onlin class data useless internet
60,60,onlin class
61,61,joke onlin class
62,62,push sem option onlin class reason class ideal hope opt choic choos prefer
63,63,internet fast onlin class slow aaa whyyi hahahahahahahahaaa
64,64,chatti onlin class chatter chat hahahahahahaha
65,65,tire onlin class ayi haay wait announc
66,66,studi onlin class prove stupid measur amp hahahahahahahaha
67,67,rollout san pedro laguna robinson galleria san pedro laguna vaccin day notifi includ child expos addict onlin class
68,68,hillview' bad connect internet onlin class hahahahaha
69,69,mommi live excit hope select onlin class jelaiandresisbrilli
70,70,hope select mommi onlin class mommi jelaiandresbrilli
71,71,aunti check david' onlin class
72,72,basin naa kaila enrol eim electr instal mainten ncll twsp scholar day allow blend class onlin amp class class week enrol start tomorrow
73,73,onlin class funni earlier rhetor hahahhaa mix nonsens
74,74,renov storag convert offic streamingworkonlin class sibl
75,75,tire onlin class internet slow tire
76,76,commun signal philippin disappear onlin class
77,77,embarrass onlin class
78,78,sleep onlin class wake googl meet
79,79,hard combin aci foodpanda onlin class
80,80,peopl bet modul amp onlin class sip squar
81,81,skip onlin class redtaylorsvers
82,82,head heavi eye heavi onlin class keep pist
83,83,onlin class red taylor version redtaylorsvers
84,84,sandalee difficult emot onlin class
85,85,onlin class pandem
86,86,pldt hope student hard time onlin class listen servic feel
87,87,time onlin class
88,88,onlin class featur lucif
89,89,listen onlin class duh char
90,90,student onlin class fun share
91,91,eff finish onlin class bitcoin liloy zamboanga del nort
92,92,dazo sir onlin class
93,93,onlin class feelgt
94,94,bit troubl close dream hard set onlin class corner
95,95,caldereta bark onlin class
96,96,kmj excit shokoy watch cabuyao lagunasana purchas tablet child' onlin class
97,97,onlin class
98,98,onlin class
99,99,dagat gagoeh click onlin class laag tag surigao
100,100,disadvantag onlin class
101,101,onlin class
102,102,onlin class backstab foot hahaha kill jealousi
103,103,onlin class food trip
104,104,onlin class session suddenli morn listen refer cam cam speak interact gosh space mind lol
105,105,wanna share brother onlin class topic bbm bbm worthi brother noto bbm
106,106,discord storag onlin class app
107,107,addit onlin class activ danc sing write poem report speech tskkk
108,108,hour break attend onlin class skl
109,109,letter phone onlin class data laptop huhu internet besti shopeepe add letter hehe labyu bye
110,110,letter phone onlin class data laptop internet shopeepe letter hehe
111,111,onlin class sipsip hahaha
112,112,eye hurt onlin class virtual complet
113,113,onlin class student complain stress onlin class creat
114,114,easi studi onlin class
115,115,obob obob onlin class
116,116,wfhonlin class awesom look beauti
117,117,onlin discohan rizal class
118,118,nmn jenfinaaallli break onlin class lot ccheckan
119,119,onlin class tire hey practic mom bother bad easi difficult
120,120,obviou onlin class hahahahaha
121,121,letter sister' besti shopeepe onlin class shopeephbigchristmassal
122,122,letter sister' besti shopeepe onlin class shopeephbigchristmassal
123,123,letter sister' besti shopeepe onlin class shopeephbigchristmassal
124,124,letter sister' besti shopeepe onlin class shopeephbigchristmassal
125,125,letter sister' besti shopeepe onlin class shopeephbigchristmassal
126,126,letter sister' besti shopeepe onlin class shopeephbigchristmassal
127,127,letter sister' besti shopeepe onlin class shopeephbigchristmassal
128,128,letter sister' besti shopeepe onlin class shopeephbigchristmassal
129,129,hey onlin award class asleep
130,130,feel read wattpad hmmm stop onlin class
131,131,letter sister' besti shopeepe onlin class shopeephbigchristmassal
132,132,letter sister' besti shopeepe onlin class shopeephbigchristmassal
133,133,letter sister' besti shopeepe onlin class shopeephbigchristmassal
134,134,letter sister' besti shopeepe onlin class shopeephbigchristmassal
135,135,letter sister' besti shopeepe onlin class shopeephbigchristmassal
136,136,letter sister' besti shopeepe onlin class shopeephbigchristmassal
137,137,letter sister' besti shopeepe onlin class shopeephbigchristmassal
138,138,letter sister' besti shopeepe onlin class shopeephbigchristmassal
139,139,letter sister' besti shopeepe onlin class shopeephbigchristmassal
140,140,letter sister' besti shopeepe onlin class shopeephbigchristmassal
141,141,letter sister' besti shopeepe onlin class shopeephbigchristmassal
142,142,letter sister' besti shopeepe onlin class shopeephbigchristmassal
143,143,letter sister' besti shopeepe onlin class shopeephbigchristmassal
144,144,letter sister' besti shopeepe onlin class shopeephbigchristmassal
145,145,letter sister' besti shopeepe onlin class shopeephbigchristmassal
146,146,letter sister' besti shopeepe onlin class shopeephbigchristmassal
147,147,letter sister' besti shopeepe onlin class shopeephbigchristmassal
148,148,letter sister' besti shopeepe onlin class shopeephbigchristmassal
149,149,letter sister' besti shopeepe onlin class shopeephbigchristmassal
150,150,letter sister' besti shopeepe onlin class shopeephbigchristmassal
151,151,letter sister' besti shopeepe onlin class shopeephbigchristmassal
152,152,letter sister' besti shopeepe onlin class shopeephbigchristmassal
153,153,letter sister' besti shopeepe onlin class shopeephbigchristmassal
154,154,letter sister' besti shopeepe onlin class shopeephbigchristmassal
155,155,letter sister' besti shopeepe onlin class shopeephbigchristmassal
156,156,letter sister' besti shopeepe onlin class shopeephbigchristmassal
157,157,letter sister' besti shopeepe onlin class shopeephbigchristmassal
158,158,letter sister' besti shopeepe onlin class shopeephbigchristmassal
159,159,letter sister' besti shopeepe onlin class shopeephbigchristmassal
160,160,letter sister' besti shopeepe onlin class shopeephbigchristmassal
161,161,ala understand onlin class taccayo
162,162,excit plan laptop zain onlin class draw haha modul modul
163,163,onlin class calculu subject taught youtub youtub
164,164,kaurat onlin class modul answer
165,165,regist onlin urfreakin app wla kmeng internet connctn grade student onlin class
166,166,genuin trust issu uniform worn onlin class
167,167,smart onlin class requir day sunday week feel onlin modular class salut yall bro emz
168,168,minut grace period wait student onlin class middl discuss enter choic dzai
169,169,onlin class kapoooy
170,170,onlin class ssg
171,171,neighbor hous andrei studi school piti smart onlin class basic taught babi enjoy
172,172,onlin class fun
173,173,asap onlin class ongo midterm exam
174,174,fall asleep onlin class
175,175,hard compet onlin class assign class chat day morn night repli chanc
176,176,ate dinner imma rest finish workload tomorrowlat mag conduct nlng onlin class tomorrow
177,177,lord slept onlin class
178,178,onlin classgam setup panthergaminggear onikumaph redragonph acernitro
179,179,morn david' onlin class topic famili david suddenli lost temper talk dad teacher fritzi chat david listen answer focu son lot
180,180,lack sleep unprepar slide onlin class push hahahahahaha patient
181,181,mom phone heysss calmest voic onlin class huhuhuhu
182,182,learn onlin class classmat
183,183,activ rememb onlin class
184,184,swim onlin class master duti hope aliv kapa tad
185,185,struggl tlga onlin class
186,186,coldplay onlin class charooot
187,187,happi weekend onlin class hahaha
188,188,onlin class onlin meet huhuhuh
189,189,hard onlin class huhu
190,190,jiro' onlin class hope cheat
191,191,istg class onlin class shit
192,192,onlin class onlineclass dogsoftwittt americanbulli dog
193,193,easi homework activ onlin class session consider
194,194,dexter' onlin class puglov pugsofinstagram puglif iligan citi
195,195,putangina normal onlin class
196,196,onlin class section
197,197,slept morn wait finish onlin class
198,198,multi task activ onlin class activ
199,199,onlin class includ hahaha
200,200,win rodalyn aldama nueva ecija hope lucki son' onlin class singl parent godbl
201,201,onlin class cost plan shift cours
202,202,batch deliv onlin class account curriculum cpale joke
203,203,onlin class
204,204,weak jud signaaal citi brunao oyyy stress onlin class signaaal juddd head gensan stabl internet shame pay waypay
205,205,win wow rodalyn aldama nueva ecija hope lucki son' onlin class singl parent godbless
206,206,late onlin class
207,207,stupid onlin class parent fool yesterday non-stop messeng bore uninstal
208,208,float onlin class huhu
209,209,realiz busi entir onlin class time lot prefer procastin school day pmm
210,210,hear sing favorit song door repeatedli care attend onlin class
211,211,onlin class eat hahahahhaa
212,212,modular onlin class learn bore haha student guy
213,213,onlin class food sery chsr
214,214,report kinda rude respect ma'am inconsider onlin class frustrat goal graduat learn
215,215,yoi onlin class modular class onlin twitter youtub record onlin youarelucki
216,216,week onlin class tamen kaito
217,217,save pic background onlin class hahaha class hahaha hometownchachachaep
218,218,onlin class drain neverend activ overload schoolwork short deadlin unstabl network lack materi cope pile axieti anxious loss surviv quarter abt
219,219,onlin class nutshel compli req qualiti learn
220,220,onlin class
221,221,realiz mom' laptop hahahahahahahahahahahahahahahahahahahahahahahahahahahahahahahahahahahahahahahahahahahahahahahahahahahahahahahahahahahahahahahahahahahahahahahahahahahahahahahahahahahahahahahahahahahahahahahahahahahahahaha regard ...
222,222,onlin class stress luckili set huehu
223,223,told prof log late onlin class overslept min akong late honest life haha
224,224,activ tan onlin class und
225,225,onlin class sleepi
226,226,perk onlin class catbalogan samar
227,227,glad onlin class
228,228,purchas annual plan zoom sayang yung discount sana masulit pandem onlin class
229,229,onlin class lack sleep
230,230,love ameer lectur mode bad onlin class formal wear
231,231,calm teach onlin class avoid yell focu
232,232,think start space grant listen onlin class time question slide read slide respons uwu
233,233,bad fever onlin class hehe
234,234,technician rest laptop joke devil laptop tire onlin class hahahahaha
235,235,onlin class tire
236,236,onlin class faint hospit
237,237,hate onlin class busset
238,238,curiou class prelab discuss answer exercis effect onlin class studi conduc postlab discuss
239,239,unlucki activ particip onlin class enter wrong meet perfect recit quiz themorningrush
240,240,upgrad phone month pursu decemb onlin class
241,241,onlin class
242,242,monday night internet report yesterday action onlin class action poor studi onlin class report pldt
243,243,classmat treat onlin class meet therapi
244,244,onlin class huhubelsss sore throat discu
245,245,laba laba onlin class
246,246,hey jud learn onlin class
247,247,onlin class day day hahaha
248,248,wind wail wait onlin class
249,249,stress muchhh modul grade teach modul grade teach kinder finger modul onlin class girlfriend modul household chore shop shop shop daili routin
250,250,hope cuz tabl total broken tabl onlin class
251,251,mom watch tyronia onlin class mom
252,252,mom watch tyronia onlin class mom
253,253,onlin class rest tomorrow hahaha
254,254,onlin class mind men chest hair huhuhuhu
255,255,attend onlin class
256,256,onlin class setup
257,257,social medium toxic oyyy tire onlin class
258,258,onlin class lazi
259,259,onlin class sleepi
260,260,tire onlin class
261,261,hahahaha dai kuno abi ridi onlin class hahahaha
262,262,ongo onlin class
263,263,hangov onlin class hahahaha
264,264,onlin class deepshit role play storymak
265,265,onlin class
266,266,onlin class easi peopl easi play wors
267,267,kid travel iloco onlin class
268,268,sleep onlin class
269,269,morn onlin class coffe
270,270,funni wake onlin class
271,271,hahahahahahahaha chang onlin class
272,272,brother' topic onlin class friend suddenli brother friend brother cute
273,273,sleep ppt onlin class day pagod
274,274,fourth onlin class marri haha charot jowa
275,275,tagaytay onlin class
276,276,difficulti smart phone onlin class
277,277,onlin class teacher soap smell bad smell nikka bad smell teacher soap smell bad stork floor smell bad carbon suck
278,278,brother onlin class
279,279,onlin class haha haira seventeen
280,280,goodmorn onlin class wave
281,281,happi bro haha sleep onlin class enter
282,282,lang onlin class shopeephbrandsfestiv shopeebigatenfestiv
283,283,hahahahaha wuyyy onlin class fun
284,284,engag marri child breakdown sglit ult workout occasion attend onlin class goodby parent bgo leav scroll scroll soc med
285,285,hehe strength onlin class
286,286,eaten onlin class lot custom
287,287,mood gloomi morn onlin class sleepi discuss readi sleep hehe
288,288,shutdown onlin class
289,289,onlin class facebook messeng anu
290,290,messeng onlin class rawr
291,291,declar onlin class
292,292,onlin class twitter hit hahahahshshsh
293,293,onlin budol class prof babi ignacio hahahaha
294,294,onlin class even hahahhaha meet
295,295,accept zoom googl meet entir onlin class
296,296,continu messeng difficult messeng link announc messeng onlin class
297,297,pov exam onlin class messeng instagram kabuhi lang suah
298,298,arrrgg onlin class tomorrow hope fix updat prof tomorrow
299,299,tutor kid onlinemodul class assign price negoti wait messag
300,300,huhu onlin class shope shopeephbigatenfestiv
301,301,onlin class brown
302,302,onlin class day synchron asynchron class nak heard niec experi
303,303,onlin class
304,304,tongga tan onlin class
305,305,ash gray hair onlin class hahahahahaha
306,306,nervou bio onlin class
307,307,learn onlin class hard listen
308,308,readi energi onlin class tomorrow
309,309,hey missworldphilippin morn candid onlin class tomorrow hahaha
310,310,deactiv messeng onlin class
311,311,tae hour onlin class class saturday
312,312,onlin class
313,313,onlin class stress student crim student
314,314,download jane austen novel reliev stress onlin class contempl read _ãƒ„_
315,315,stress person' behavior peopl experienc student pandem life revolv gadget onlin class social medium onlin game
316,316,buboy negro' mother onlin class hous kill morn
317,317,nice wake onlin class
318,318,onlin class color hair ilovey handsomebran myson grate newnorm justrootb
319,319,onlin class yan
320,320,connect issu bulacan guiguinto balagta onlin class
321,321,hope sanfo pride prize load onlin class huhu
322,322,onlin class
323,323,stay late live onlin class tomorrow
324,324,gain weight onlin class
325,325,confus fred graduat hard miss onlin class upset awak put pressur jusm
326,326,onlin class real
327,327,tama mag break mid onlin class
328,328,advanc read blast onlin class
329,329,teacher bumuga onlin class classmat earach
330,330,amaz manag studi onlin class deep crush lord lift weight heart promisee lord strong
331,331,quit teach onlin class huhun
332,332,fell asleep onlin class
333,333,wake onlin class uwu
334,334,ayi wow onlin class yarn rip monday thursday schedul time moree yawa
335,335,pasalamat onlin class romantic onlin class narr normal
336,336,onlin class
337,337,onlin class shopeeph shopeephbigatenfestiv
338,338,pang onlin class shopeeph shopeephbigatenfestiv
339,339,modul onlin class shiit liboga
340,340,onlin class cook breakfast
341,341,onlin class modul class live
342,342,carbonel' tongu confus confus hahahahaha bwesit ampota onlin class pure lait
343,343,onlin class flirt chat mate
344,344,learn onlin class
345,345,strength weak weak onlin class fuck
346,346,pakita onlin class
347,347,appear complet onlin class eusebio bliss maybunga pasig citi
348,348,peopl surround class fun day discov onlin class hard perspect day hard fun
349,349,chose onlin class modul
350,350,servic onlin class
351,351,told lazi onlin class
352,352,day child onlin class
353,353,recit teenag onlin class teach nervou
354,354,haha onlin class stay anxieti
355,355,tomorrow worth stay answer ali' onlin class tomorrow seon
356,356,seventeen onlin class seventeen attacca_millionpreord attacca_seventeencomeback
357,357,hope win phone onlin class
358,358,carfun night exchang reload pldt wifi pang onlin class alterdavao alter alternewbi
359,359,tire onlin class
360,360,student learn tiktok onlin class
361,361,onlin class school link money
362,362,onlin class
363,363,groceri store time onlin class
364,364,contribut onlin class morn maam
365,365,rington onlin class morn mom share screen mic mute ma'am bye ma'am
366,366,hope time onlin class internet fast huhu
367,367,gen fresh grad hard teach lazi minimum effort maximum mantra cring
368,368,weak signal provinc onlin class
369,369,ma'am onlin ichat ma'am advis class teacher
370,370,classmat surpris bodi onlin class hahahahahahahaha
371,371,onlin class
372,372,tire setup onlin class hindj ungrat drain
373,373,expect onlin class
374,374,onlin class nauseat
375,375,week trip onlin class hahaha
376,376,shuta onlin class divisoria
377,377,hayyss onlin class anxieti stress stabl internet connect high-end laptop
378,378,onlin class hiss loudli nois class fellow faculti teacher class noisi eat
379,379,essay wash maggi onlin class
380,380,fall leaf fall asleep onlin class hahaha
381,381,hard jod observ child onlin class deadlin
382,382,pimpl updat pimpl onlin class teacher camera
383,383,onlin class
384,384,updat mainten advisori sibl miss onlin class
385,385,internet tondo manila onlin class
386,386,esp onlin class pictur
387,387,onlin class
388,388,complain onlin class solv lazi discu
389,389,onlin class tomorrow jusko
390,390,start promis studi hard read modul note time onlin class week
391,391,idk day studi attend class feel repetit tire onlin class suck
392,392,hahahahahahahaha penmanship ugli realiz ugli hahahahaha onlin class hahahahaha
393,393,onlin class
394,394,grrr onlin class dri
395,395,excit onlin class start teach guess suddenli rush paper huhuhuhu
396,396,feel difficulti student onlin class
397,397,soooper drunk night nga akong onlin class tulogan morn mic cam
398,398,matter softwar admit onlin class prone rampant cheat
399,399,messeng uwu onlin class
400,400,onlin class classmat
401,401,onlin class neighbor door headach asleep hahaha
402,402,onlin class morn
403,403,week onlin class prof strong assign hahahahah
404,404,tire onlin class
405,405,day onlin class
406,406,day onlin class attend major class
407,407,feel onlin class love gotarmyrightbehindy btsatunga bts_twt unga btsxunga
408,408,onlin class
409,409,sleep onlin class
410,410,favorit pic hope win onlin class stream
411,411,nice onlin class secretari hahaha
412,412,onlin amp modular class start gustong magpatulong math english scienc written payment yeah feel talk basta grade student lang
413,413,onlin class hall
414,414,onlin class
415,415,class school waiv avail onlin internet promo converg cashout promo plan mbp plan mbp taguig amp patero
416,416,everyday routin sleep wake eat breakfast studi sleep wake care dinner onlin class studi midnight bore hahahahahahahahaaha
417,417,damn toni lot basher lot view lot money hahahahahahahaha naoll iphon onlin class
418,418,enter onlin class
419,419,met onlin class hahahaha
420,420,hope onlin class
421,421,mom excit onlin class hajajahahahajaja link tomorrow
422,422,onlin class
423,423,yay readi onlin class week inday dad
424,424,onlin class onlin sell tire fight goal
425,425,everyday shower afternoon bco char feel sooo fresh loong day onlin class hear peopl talk pregnant shower afternoon jusko lord boyfriend haha marit
426,426,onlin class sleep yall
427,427,time finish onlin class
428,428,onlin class reward watch squid game peac saya mabuhay
429,429,macbook air onlin class purchas
430,430,onlin class
431,431,time hear niece' onlin class song cue prayer lesson class stuck head
432,432,wow busi babi girl' onlin class activ luck time
433,433,hahahaha time save hahaha busi onlin class maydon
434,434,bwct onlin class caus headach
435,435,onlin class entertain hahaha
436,436,normal bodi feel hot onlin class
437,437,listen bazinga wyl onlin class lose patienc charotzzz
438,438,onlin class lot peopl bought copi class hahaha handl stress hahahaha
439,439,ugli onlin class quiz exam friend celebr failur ahahahahaha
440,440,hour day onlin class math hour mathemat principl hour math modern review answer time hour day day elem day grade colleg
441,441,sir nasobrshan perfectionist format exempt letter take technic write sir teacher effect onlin class effect tire learn
442,442,mom dad onlin class nois haha cute night bibl studi onlin cute read bibl vers
443,443,wait annoy onlin class viral gosh enter onlin class laptop phone neighbor papiti teacher teach
444,444,daughter onlin class
445,445,pandem normal health famili grade continu onlin class endur
446,446,onlin class cut
447,447,anytim weak hahahaha worst onlin class hahahaha
448,448,sleep dave attend onlin class hahaha cam mute hahahaha
449,449,tire onlin class
450,450,onlin class modular distanc learn
451,451,easi chang gadget onlin class polici easi taena
452,452,onlin class onlin sabong
453,453,watch sipat girl onlin class ishi mooom classmat mama answer teacher kid answer activ overhear mom kani kani answer homeschool
454,454,priorit son onlin class health hahaha dumbass annoy ibakatalaga
455,455,onlin class
456,456,wast tuition amputa hahaha mama real wast tuition misc fee onlin class fax
457,457,fell asleep time hahaha onlin class
458,458,law school onlin class tire
459,459,onlin class feel lot stress
460,460,onlin class call recit
461,461,onlin class lazi hahahaha
462,462,onlin class tutor suck
463,463,chill wednesday onlin class child workmod
464,464,onlin class cook school bullshit
465,465,hagua onlin class
466,466,onlin class
467,467,hey hustl onlin class
468,468,hold onlin class stress
469,469,captur onlin class creatinglifeschampion lemeri colleg
470,470,stress onlin class load moree
471,471,onlin class vibe
472,472,onlin class bond putchaaa hahahahahaha
473,473,headach onlin class
474,474,pain skull onlin class row prof tcp hour durat greet
475,475,marin stem student onlin class zoom background pictur student happi hahahahahaha
476,476,appet onlin class
477,477,onlin class
478,478,onlin class todaaay
479,479,woke late attend onlin class hahaha
480,480,onlin class deactiv account time
481,481,lack sleep eat properli studi lot onlin class teach quiz exam class consider pass exam late maam parant student
482,482,night tire son onlin class heheh maydon maymayentrata donni pangilinan
483,483,yike run data alloc onlin class data
484,484,drink onlin class tomorrow hahaha
485,485,true onlin class fashion
486,486,onlin class shit
487,487,sleepi onlin class
488,488,mom' sweet mom connect internet connect onlin class
489,489,onlin class start time bed
490,490,onlin class slowli drain physic mental
491,491,taena class instruct putangina dina funni pren onlin class colleg punyeta
492,492,readi onlin class hahahaha brain asleep hahaha
493,493,onlin class hahahaha
494,494,putekk onlin class jenlisa
495,495,onlin class hungri
496,496,mess onlin class
497,497,student learn onlinezoom class modul educcrisisph
498,498,internet hour son onlin class servic interrupt updat receiv
499,499,onlin class school parent
500,500,born awar realiti hope realiz wrong current educ onlin class nice day
501,501,onlin class hahahaha
502,502,fool onlin class depe
503,503,onlin class hahaha
504,504,hope win phone onlin class
505,505,onlin class time tukmol sister readi wifi
506,506,onlin class
507,507,onlin class lazi hahahaha
508,508,onlin class wave day student paytinggg
509,509,onlin class
510,510,mornight ihav onlin class
511,511,wonder combin onlin class situat statu strong beat robot duti
512,512,night yall day super happi laptop charger onlin class reason live sell lord provid god bless
513,513,anim onlin class madean lister
514,514,onlin class yern
515,515,hope win phone onlin class
516,516,form save invest forget invest invest read book run habit enrol onlin class certif blessedsunday howtoinvest
517,517,cell phone onlin class
518,518,bwesit abo handsom hahahahaha hey onlin class haha handsom build vet med build haha char tuon mayad kay
519,519,onlin class cyber
520,520,onlin class modul terribl schedul strict
521,521,watch black widow onlin class hahaha
522,522,hope win cellphon onlin class
523,523,rule hope win cellphon onlin class
524,524,real talk life isol center onlin class agre nurs count day incorrectli
525,525,bash onlin class dean' lister hahahahaha remov list hahaha
526,526,onlin class level wong emsz hahahahaha
527,527,awesom handl onlin class
528,528,tomorrow' onlin class hahaha
529,529,hope win cellphon onlin class phone broken hope win
530,530,sister entri disappear comment hope win onlin class
531,531,shame close classmat onlin class
532,532,graduat struggl slow internet connect attend onlin class
533,533,multi task lalisa live tiktok lalisa releas premier parti onlin class
534,534,time creativ fun onlin class
535,535,onlin class hepa
536,536,onlin class jowa time prof lozano broken professor
537,537,mom fool command onlin class
538,538,meet onlin class hahaha
539,539,onlin class kapooy
540,540,zoom class sleepi hope video upload onlin class fast paus sleepi
541,541,onlin class
542,542,onlin class lazi hahahahaha jin student
543,543,day day babi onlin class teacher myschoolboy san pascual nueva ecija philippin
544,544,student meet person indi pwedi onlin class hahahahaha
545,545,onlin class start monday
546,546,onlin class start tomorrow
547,547,onlin class yarn
548,548,minusminu auto reject heaven panick minut chloe' class electr set onlin class parent post
549,549,hut backyard hang onlin class
550,550,neg energi bat onlin class
551,551,onlin class dumb
552,552,ayseg pasingil onlin class hahahahaha mang bulabog hahahahahahahaha
553,553,onlin class fail
554,554,onlin class damn exhaust tuesday schedul physic worri tire hug favorit peopl reliev stress perk physic touch love languag
555,555,salari onlin class
556,556,onlin class hahahaha
557,557,neighbor nois onlin class meet
558,558,agre onlin class
559,559,stupid onlin class anim
560,560,anim nois student onlin class difficult
561,561,onlin class money offlin
562,562,onlin class billi motiv
563,563,smart globe final signal onlin class yatik wrong
564,564,badepotta bagrat bicol peninsula busi onlin class warang suspens hahaha
565,565,time consum handwritten session onlin class enebee paper hmmmn
566,566,meme funni moment onlin class
567,567,onlin class sad
568,568,nonstop onlin class teach hour god unfaz enthusiast finish period
569,569,hehehhe bit struggl onlin class
570,570,joke mic broke onlin class true
571,571,omg happen hate onlin class
572,572,wait onlin class
573,573,sir barc passion teach difficult teach actual field onlin class teach
574,574,hard onlin class prof inconsider
575,575,day onlin class grief
576,576,onlin class smell
577,577,gab selen teacher question answer teacher onlin class teacher play class selen star teacher
578,578,readi onlin class
579,579,colleg tomorrow onlin class
580,580,onlin class
581,581,chinat taena onlin class hard life letch flirt potaena
582,582,onlin class absent
583,583,tire imagin attend onlin class master electr gambl beach nag shat pagka gabi note subject submit requir activ hahaha pawer
584,584,korean onlin class sprain huhuhu iyaaak
585,585,onlin class balibulan
586,586,fortun onlin class morn enrol spa student
587,587,onlin class attend
588,588,onlin class negat
589,589,late night sleepi onlin class tomorrow
590,590,month class focu onlin class offic
591,591,mom situat earlier onlin class hahahah
592,592,prof strict modul camera onlin class
593,593,onlin class
594,594,shutang onlin class friday heaven hour amp
595,595,idunno feel onlin class lord sign nah
596,596,weather onlin class class cut bco blackout continu know student hous signal
597,597,onlin class bro
598,598,pldt suck anf servic hour repair pay time mainten repair take time globe transfer onlin class son absent shit day
599,599,day onlin class start readi continu
600,600,onlin class
601,601,nervou report attend onlin class hahahah
602,602,iron prof standard student teach perform onlin class hmmm
603,603,sept onlin class start
604,604,morn onlin class
605,605,fat month week onlin class
606,606,onlin class hangov
607,607,wait serv rest talaga onlin class
608,608,cook babi potato snack onlin class
609,609,readi enrol onlin class tsk
610,610,onlin class internet connect
611,611,sana mapili onlin class
612,612,sana mapili onlin class
613,613,wow code onlin class
614,614,bullet leav cutee onlin class
615,615,understand brother onlin class start run patienc cri
616,616,scari joke onlin class laugh
617,617,onlin class chang profil pictur run photo
618,618,late onlin class
619,619,brother start onlin class
620,620,lord feel excit day listen difficult onlin class
621,621,onlin class
622,622,crazi onlin class week
623,623,onlin class colleg
624,624,onlin class come brain wander
625,625,situat difficult onlin class
626,626,fall asleep onlin class ongo
627,627,onlin class
628,628,report onlin class report
629,629,complet grade batch onlin class tomorrow
630,630,onlin class
631,631,lazi onlin class hahahaha
632,632,week class blond guidanc meet day onlin class
633,633,suddenli regret press enrol button choz hahahahah colleg entir onlin class exist trial colleg
634,634,think attend onlin class tomorrow heard cousin sing rais lord attend promis
635,635,kmj wow idea nyanpwedi user onlin find life onlin class
636,636,yayyy onlin class tom
637,637,mom bought headset laptop onlin class headset attract play onlin game
638,638,sleepi onlin class
639,639,kami friend nasti onlin class
640,640,salon close suppos cost eyebrow inexperienc stupid pluck eyebrow atm time check guess hahahahahahahahahaha ofc left lerd wear sunglass onlin class hahaha
641,641,calm calm heart fall hahahaha energi ellain ear explod disappear onlin class surpris
642,642,day jodinat famili super duper happi stuck onlin class earlier happi explain super duper happi
643,643,onlin class prefer listen god care happi pbb
644,644,dad hug onlin class
645,645,student selfish inform classmat miss announc professor perfect time compet struggl onlin class modular
646,646,onlin class
647,647,ignor onlin class gurl hahaah
648,648,pressur peopl difficult onlin class
649,649,onlin class headach
650,650,short vid blink complaint day action onlin class pass requir maresolv kasi delay
651,651,matira strong onlin class
652,652,hope afford studi pay onlin class hahahahahahahahah sleep eye
653,653,student continu studi learn onlin class start august subject computeraid design autocad
654,654,applic onlin class ahh
655,655,onlin class start brain drain powerpoint
656,656,onlin class firework hahaha
657,657,gago friend ipad onlin class obviou ipad suffer life tape camera blur
658,658,onlin class meet
659,659,butt hour onlin class
660,660,hour offic hour onlin class ngarag real fight
661,661,onlin class difficult
662,662,hard care onlin class fever
663,663,copi error lead textual variant copyist mistakenli huh nose bleed class session onlin school
664,664,mom believ onlin class left hahahahaha
665,665,heheheheheheheheheheheheheheheheheheheheheheheheheheheheheheheheheheheh
666,666,delet messeng onlin class mood
667,667,kapoy onlin class
668,668,kid exercis onlin class mama papa minut worth cardio
669,669,sad partner answer onlin class separ
670,670,brother watch present morn onlin class babi watch edi screen read cam
671,671,circl friend onlin class friend
672,672,wrong decis onlin class skeri hahahahahahahaha
673,673,onlin class haypp
674,674,comfort zoom onlin class vid bwahahahahahahahahahahahahhaa
675,675,day onlin class time watch epi
676,676,respect student enter onlin class studi
677,677,onlin class
678,678,onlin class
679,679,teach onlin class shit
680,680,playdat godson franco brother romeo onlin class yesterday baliuag bulacan
681,681,sibl person account includ gmail account onlin class
682,682,onlin class bodi clock fine
683,683,onlin class scari
684,684,rotten onlin class hype
685,685,mikka onlin class signal sanjuan difficult
686,686,time nag onlin class
687,687,hahaha bore onlin class repli
688,688,tamang scroll lang onlin class
689,689,hope headach tire deal onlin class
690,690,feel challeng onlin class
691,691,toll busi onlin class
692,692,onlin class hahahaha
693,693,gna assist onlin class crazi person oper zoom hahah
694,694,onlin class
695,695,tribe hous onlin class
696,696,onlin class nurs hahahahahaha
697,697,hope onlin class laptop wifi printeeer crazi 10:00 signal slow jusko lord pleasee
698,698,hahaha difficult onlin class ignor aahahaahha
699,699,onlin class
700,700,scroll guuurl tomorrow onlin class
701,701,lata luboy servant sneaki onlin class hahahaha
702,702,useless onlin class
703,703,studio jema onlin class
704,704,hand spotifi onlin class huhu
705,705,onlin class eat lecheplan hahaha
706,706,onlin class
707,707,attend onlin class
708,708,onlin class subject
709,709,day onlin class hahaha
710,710,onlin class season
711,711,enrol day onlin class haist rip hand rip tech
712,712,day class colleg student suck experi onlin
713,713,day bibi' onlin class
714,714,onlin class enjoy drop hahahahaha
715,715,onlin class tomorrow crazi titl
716,716,finish put rest custom come scatter onlin class sister hahaha
717,717,agre bit worri futur know produkto onlin class ganitong professor
718,718,shat onlin class ugma hahahahaha
719,719,sponsor onlin class
720,720,hope win perfect gift daugther onlin class
721,721,hope win perfect gift daugther onlin class
722,722,hope win perfect gift daugther onlin class
723,723,onlin class applic colleg devil cobid pistang
724,724,kapoya onlin class hey
725,725,weekend watch brother fever nervou return onlin class senior suddenli fever amp hahahahaha
726,726,septemb decemb covid onlin class lazi enrol feel studi
727,727,durat onlin class unbox tumbler hihi
728,728,call call onlin class
729,729,promis med colleg onlin class backup plan doctor studi modul record zoom class
730,730,experi onlin class wors
731,731,onlin class
732,732,lfb boost post add mother' cell phone onlin class sept price enhypen exo txt
733,733,happi danah polit told quiet onlin class yesterday told talk classmat headphon morn woke setup class
734,734,onlin class citi hall
735,735,nephew cheat onlin class hahahahahaaa call answer hahaha anim
736,736,morn guy fight day onlin class
737,737,model yarn onlin class stemadvis
738,738,onlin window shop tryna steal men outfit yah expens class start sleeep senddd heeelppp hahahaha
739,739,onlin class class card
740,740,woke think friday nagagawa onlin class sakennn huhu late precal class
741,741,true famili onlin class play plant zombi
742,742,bother onlin class listen mic classmat understand
743,743,sign lord hahaha rip onlin class
744,744,onlin class tire promis hard balanc busi class
745,745,internship job opportun industri fuck die countri lost lot fuck money depress overthink lot lastli pandem batch hard time find job onlin fuck class
746,746,hard combin agent onlin class
747,747,manag onlin class
748,748,peopl eager onlin class call onlin class essenti wai pake hahahahahaha duh
749,749,onlin class start complain chemistri abangan hahahaha
750,750,onlin class hhahahahahahah stupid
751,751,onlin class dorm haha
752,752,onlin class
753,753,understand hous prioriti know situat signal onlin class expect honestli feel call
754,754,multipl brown out day dili ipa onlin class
755,755,librari fee lab fee suppos onlin class
756,756,aback look subject shit onlin class week late wahahaha
757,757,think combin offic onlin class tire
758,758,onlin class drain
759,759,start tweet annoy onlin class hahahahahaha beytch
760,760,happen internet connect sone onlin class internet
761,761,sleep sleep onlin class hahaha dandyyi
762,762,hard focu onlin class know famili suffer child covid
763,763,idea onlin class
764,764,afternoon onlin class onlin game onlin shop
765,765,putangina onlin class
766,766,pano assign rizal comfort zone gain knowledg experi babe onlin class rizal song jowa hahahaha
767,767,hate parent puro reklamo daw onlin class madali naman daw ganon activ exam zoom class attend exhaust idk understand porket onlin madali
768,768,happi chour haha requir uniform onlin class photo
769,769,onlin class prevent
770,770,onlin class headach stare phone
771,771,ma'am hahahahaha onlin class
772,772,onlin class laugh haha
773,773,laag malaybalay onlin class tomorrow hahaha
774,774,onlin class hahahahha
775,775,sleepi onlin class
776,776,pldt suddenli disappear arrang day nephew' onlin class pay tuition fee char
777,777,onlin class feat manlaba hahahah
778,778,onlin class
779,779,onlin class
780,780,day onlin class late min umay hahahaha
781,781,ugli onlin class hangov
782,782,motiv school tomorrow onlin class hmmm
783,783,war start tomorrow onlin class hahahaha
784,784,enrol school tire onlin class
785,785,sick onlin class earlier fever
786,786,nice chang venu onlin yoga class even yoga yogateach
787,787,teknoy nangangamoy balik eskwela wake studi answer assign amp quiz amp attend class help cheaper option onlin class comfort overthink data minut
788,788,day onlin class absent lets hahahaha
789,789,live hospit onlin class start
790,790,day onlin class
791,791,jucel disappear onlin class
792,792,btw readi yong awra onlin class
793,793,day onlin class fever
794,794,onlin class
795,795,wait report ticket day wors feel student cri attend onlin class
796,796,disappoint paid time time lost wifi pay cut wifi student cri attend onlin class lost wifi fair
797,797,wifi onlin class guy bad funni aunt angri
798,798,truth excit onlin class charot synchron class
799,799,day onlin class naman
800,800,monday readi onlin class heheh
801,801,beach onlin class
802,802,sister' onlin class start tomorrow lord
803,803,wifi connect onlin class tomorrow paid
804,804,laptop broke onlin class
805,805,excit tomorrow readi onlin class
806,806,onlin class start tomorrow
807,807,enrol school tuition fee heyyysss thesesss
808,808,understand onlin class exhaust luck student freshman padayon para pangandoy
809,809,peng extra motiv hard onlin class
810,810,haha day onlin class fell asleep
811,811,onlin class exhaust lawschool
812,812,hey extend class onlin class week haha bday
813,813,readi onlin class
814,814,balanc sched onlin class onlin busi friday ganap hahaha
815,815,onlin class sleepi shemay
816,816,obviou onlin class hahaha tama behavior
817,817,readi onlin class
818,818,think onlin class super busi
819,819,happi classmat onlin class
820,820,set mood onlin class
821,821,today task onlin class clean bedroom korean mart
822,822,basi onlin class hero
823,823,check onlin class motiv studi
824,824,start colleg persist dean lister realiz hard colleg onlin class malipay nako bisan gamay gradi basta pasar colleg life stori top surviv
825,825,coupl yoga onlin class teach onlin dobl kara lol easier lol
826,826,boy tend onlin class hahahha
827,827,hope surviv onlin class lord trust effort
828,828,rewind onlin class miss prof
829,829,readi mental sem onlin class
830,830,hayz class late hahahah onlin class late hahaha time late hahahah
831,831,screentim onlin class covid kinem
832,832,sir pooo waahh sit onlin class
833,833,fan samsung understand fan iphon insult fandom
834,834,devil hint prof hahahahaha onlin class season
835,835,cri cri boy expect determin school sauna chat sister beemm load onlin class deserv magna cum laud
836,836,boy onlin class hahahahaha
837,837,shame school onlin class hahahahahaha
838,838,condit onlin class shutta
839,839,prefer onlin class class nah prefer onlin yawa sanaol hahahahaha student lucki class
840,840,onlin class
841,841,coffe onlin class delici
842,842,yesterday stress chicken onlin class lits
843,843,bath brush onlin class impact onlin class onlineclass
844,844,laugh brother watch onlin class femal classmat cam
845,845,pain eye lack sleep robynn woke morn onlin class
846,846,onlin class duti student assist kere yan
847,847,onlin class haha
848,848,liter adjust hay onlin class sigh ugli
849,849,onlin class start wla njud classmat skng bibibaaay
850,850,hey maam maaammm maam beauti selfproclaim class child learn class onlin class onlineclassdiari
851,851,hey maam maaammm maam beauti selfproclaim class child learn class onlin class onlineclassdiari
852,852,time attend onlin class teacher audio silenc yesterday silenc class silenc answer sir shook teacher angri
853,853,understand schedul hard onlin class duti mom hey
854,854,experi zoom meet onlin class hahaha zoom meet char haha enjoy lucki armi
855,855,hard onlin class guy heheh
856,856,week henlo onlin class
857,857,klase onlin class fam
858,858,whahahaha teacher' voic bore onlin classwla png min
859,859,pcac plm welcom dancer perform folk danc onlin class
860,860,eye sana coz phone month start onlin class
861,861,armi tomorrow pajama parti zoom tomorrow onlin classwhich select broke
862,862,onlin class lose support person hous
863,863,onlin class hahaha charr
864,864,imagin difficult onlin class concern grade prof easili inbox messag professor easili requir
865,865,onlin class friend hahahahahahahaha
866,866,ahhh onlin class ttype file huhu
867,867,onlin class technic error caaant agre
868,868,selfi onlin class start apremedi
869,869,onlin class learn graduat pilot
870,870,god fandom worth onlin class met rest request bazinga super fanfriday
871,871,wide awak sleep onlin class wear jacket feel america summer hahaha
872,872,excit onlin class tomorrow rememb gmail fix huhuwaawg
873,873,noh time saturday class hehe onlin class enrol lol
874,874,graduat classmat hahaha save onlin class heheh
875,875,learn onlin class senior onlin class colleg
876,876,hope activ onlin class stress
877,877,onlin class hair color
878,878,readi kao onlin class hihi onlin class
879,879,parent difficulti onlin class lazi normal requir output meme
880,880,sleep onlin class uwu uwu
881,881,onlin class hate learn adapt olc afford olc left glamor anti poor
882,882,onlin class continu cri
883,883,stop tang ina' onlin class
884,884,prepar month onlin class school internet connect paalin taga siag yowo repli suggest
885,885,cheap cpu onlin classwfh
886,886,pass onlin class taena hahaha
887,887,onlin class pota start monday
888,888,doctor doctor graduat onlin class
889,889,onlin class lot struggl
890,890,wisdom class onlin final exam cheat form excus karma return favor lawprofessordiari
891,891,excit tonight catrionagrayacademi vip launch parti happen wait beaqueen class onlin
892,892,woke anesthesia attend onlin class ehe
893,893,gadget onlin class day town charg life owe
894,894,onlin class
895,895,onlin class prof favorit
896,896,depress onlin class
897,897,lazi onlin class decis
898,898,brother onlin class easi studi
899,899,onlin class feed panda
900,900,phone onlin class class phone sksksk
901,901,trueee sish august class start quarantin strong signal onlin class
902,902,fuck short term omg finish colleg onlin class
903,903,codm gtgtgtgtgt onlin class hahahahahahahaha
904,904,onlin class serv mamsh hahahahahahahahahahahaha
905,905,rain onlin class learn lot pass requir learn rememb
906,906,shuta phone onlin class wast money
907,907,onlin class school vacat
908,908,shuta week left readi onlin class
909,909,happi birthday annoy onlin class start hahahahaha
910,910,tablet onlin class think ipad pro budget samsung galaxi tab
911,911,lie listen onlin class prof understand class answer prof jan carlo understand
912,912,teach onlin class grad school
913,913,enrol hope onlin class calmer grade subject grae hahahahaha imu cavit
914,914,pain tuition onlin class
915,915,decid onlin class
916,916,onlin class hahaha
917,917,morn check email messag answer queri question updat supplier onlin sell attend virtual meet onlin class omg hustl hard
918,918,result onlin class hahah
919,919,atm uncl dress student onlin class
920,920,biodiv onlin class
921,921,headach onlin class
922,922,potek onlin class
923,923,week onlin class enrol haha wander luzon
924,924,onlin class setup glass grade
925,925,damn grade real quick onlin class
926,926,finish onlin class huhu
927,927,escap onlin class
928,928,hahahahaha honor onlin class hahahahah
929,929,onlin class blend learn rin mag access internet hope offer array academ strategi lessen impact pandem educ student hay
930,930,studi onlin class hahahahaha eme
931,931,nice med school onlin class skill charaught
932,932,day onlin present happi design studio class final finish kid term amaz job guy
933,933,fortun onlin class graduat school output lack kiss grade hahahahahaha
934,934,time zoom school stupid real call hahaha zoom hahahaha imagin onlin class
935,935,mom onlin class lag laptop
936,936,onlin class
937,937,teach onlin class teacher hope anez midnight ahaha
938,938,onlin class saver hehe sister air air
939,939,cmu onlin class japan ugli stay japan
940,940,decemb injur left ankl crutch week grad school prof accomplish class task onlin respons honest understood finish
941,941,think onlin class drain hahahahaha
942,942,onlin vote hahaha agre onlin class
943,943,even chosen sched onlin class wander night day hahaha
944,944,hope finish onlin class huhu
945,945,notic periorbit edema onlin class shuta sabog girl
946,946,inform output modular class english school final grade onlin class check output
947,947,hope complain onlin class beke nemen neighbor hahahaha
948,948,slow day onlin class
949,949,surrend phone servic oppo onlin class donatephon onlin class sendhelp oppoa chedregionxi
950,950,studi hard fashion school bachelor' degre onlin class shame covid slowli disappear unlucki born philippin
951,951,data lockdown data recov difficult student onlin class
952,952,onlin class start social life
953,953,wander stress onlin class hahahahaha
954,954,hahaha dba fine onlin class silli
955,955,song knc addpro knc onlin class mcgiyouth iycsharingiscar
956,956,conflict cemeteri onlin class monday grandma' day rest blood grandmoth smile time
957,957,beke nemen bhie hahahahaha lng onlin class shope shopeemidyearsal shopeepitonatalaga
958,958,onlin class fck
959,959,inform onlin class
960,960,internet connect router blink red kid onlin class dialton
961,961,hahahaha rbc onlin class
962,962,garoid ate allah afooo onlin class ngatarn
963,963,continu enrol onlin class
964,964,sam funni call congratul onlin class
965,965,mum sensit fee day coz gonna night chose fvck onlin class
966,966,matira strong onlin class bhie
967,967,dawn complet one-year onlin class tire choos
968,968,student spend lot time internet phone onlin class time activ pass
969,969,boy week complet mwf haha onlin class start thank night class watch hope stay healthi bgyo
970,970,sir onecho onlin class answer concern tooth extract wait sir licens dentist
971,971,lord total averag stress onlin class pro worth jaiga happi inspir achiev dream peopl happi
972,972,onlin class jame dizzi fall onlin david worri lovebyfehlerep
973,973,onlin class interven
974,974,onlin class law school
975,975,connect miss onlin class
976,976,attend class day bodi tire onlin class drain energi
977,977,kinda enjoy onlin class yeah stress talk hard chat esp met classmat start master enjoy fell asleep class
978,978,day onlin class improv hahah
979,979,onlin class caught eat
980,980,recit onlin class nerve-wrack
981,981,hope limit class implement bshm huhu handl onlin class crazi
982,982,onlin class tuition fee truth pay electr internet
983,983,tangnaaa beach onlin class bitch
984,984,onlin class drool fell asleep class
985,985,tire onlin class
986,986,insecur hurri onlin class
987,987,moan wifi password hahahhaha excus onlin class funni grandkid housework mobil legend tiktok roblox funni
988,988,wfh onlin class stream nonstop lag regret switch ownyourfast experiencebett fiberx
989,989,studi oblig hear onlin class physic
990,990,teach onlin class effort easi invest time requir play codm dota person time movi seri piano exercis
991,991,irregular play game laptop
992,992,onlin class
993,993,outing onlin class
994,994,wit worldclass perform updat theclashseason audit kitakit onlin ngayong linggo clash nation theclash onlin audit detail visit
995,995,librari school onlin class hahahahhahahshahhahajajah
996,996,libido hope affect sex sexual onlin class sex sex hope tweet paepal
997,997,onlin class audit comedi bar
998,998,onlin class struggl learn
999,999,hahahahahaha onlin class funni
1000,1000,bday plan onlin class time
1001,1001,gomo onlin class fast binan binan poblacion southwood
1002,1002,onlin summer class pamangkin tanong kanina stori time teacher girlboy excit school job teacher job onlin agre
1003,1003,onlin class educ pandem wreck dream goal futur effin white eleph
1004,1004,onlin class
1005,1005,hard onlin class rheumat attack sit day
1006,1006,saturday onlin class slept lunch
1007,1007,mom onlin class tendenc sleep class onlin
1008,1008,onlin class hahahahaha
1009,1009,damn wala nga akong mabigat rin pakiramdam sick siguro pressur reason onlin class toll question blame happen lack support hayyy
1010,1010,onlin class
1011,1011,putangina onlin class late
1012,1012,onlin class
1013,1013,hope birthday greet bec screenshot daili convo sabog onlin class happiest birthday soooneessst horneylangmalaka
1014,1014,kain onlin class
1015,1015,onlin class muna
1016,1016,onlin meet onlin class shower hahaha
1017,1017,peg onlin class feel school
1018,1018,realiz nervou speak onlin class voic shake hahahahahahahahahaha
1019,1019,sick sit paken shit onlin class
1020,1020,tanaw ragyud niel onlin class ahhh beauti mouth mani sad
1021,1021,goal laptop faster onlin class sem
1022,1022,onlin class
1023,1023,post onlin class stress issu
1024,1024,onlin class issu
1025,1025,cost cbr onlin class hahahahahaha
1026,1026,legit onlin class sem leav absens learn
1027,1027,tretinoin benzoyl peroxid skin pharmacolog suck onlin class setup
1028,1028,strength rain sleep attend onlin class
1029,1029,hope batteri exam percentag tire studi studi onlin class lesson
1030,1030,tire attend onlin class
1031,1031,plan stay month subject teach summer pwede kaayo mag set onlin class upcom sem mafeel pud nako unsay feel mag class onlin citi
1032,1032,imagin experi onlin class medic cours scari patient lord
1033,1033,struggl onlin class surpass
1034,1034,hope onlin class
1035,1035,biggest flex colleg student experienc onlin class time
1036,1036,studi onlin class
1037,1037,tong manong terribl friend laugh oncam onlin class ahahshbsbdhss nong
1038,1038,enrollan naaa curs onlin class
1039,1039,onlin class drink heheheh
1040,1040,onlin class dota hahahahahaha
1041,1041,understand onlin class
1042,1042,speed addu feel onlin class
1043,1043,student experienc stress onlin class employe struggl reaaal
1044,1044,miss stress onlin class miss onlin class
1045,1045,onlin class piec inspir struggl student amp teacher global pandem countri watch groov stlyz perform saturday june saturday live gudc offici youtub
1046,1046,onlin class school
1047,1047,tire onlin class
1048,1048,onlin class awiiit
1049,1049,onlin class bad die stay late school
1050,1050,onlin class onlin present
1051,1051,tire onlin class
1052,1052,class fault studi onlin class grade distract class attend class person grade
1053,1053,onlin class hope die
1054,1054,pay tuition privat school onlin class
1055,1055,onlin class stay lone
1056,1056,onlin class hahaha
1057,1057,onlin class prof day demand safe return class learn situat grievanc depe ched
1058,1058,hope cvsu pay huge tuition privat school onlin class wast plsss lorddd
1059,1059,eat onlin class
1060,1060,actual mtb onlin class
1061,1061,yawa feel peac mind learn onlin class pile modul yawaaa
1062,1062,onlin class hehe
1063,1063,honestli onlin class life ungrat unfair
1064,1064,readi onlin ballet class
1065,1065,understand learn onlin class exam
1066,1066,lord prof middl onlin class
1067,1067,sleep late tonight' onlin class
1068,1068,onlin class video putangi ern
1069,1069,present music class onlin
1070,1070,rant prof inconsider control speed slow data connect blame student proper data connect onlin class
1071,1071,onlin class day bhie
1072,1072,wait onlin class
1073,1073,spe onlin class
1074,1074,learn onlin class
1075,1075,honestli happi semest burn onlin class lala mix mental drain
1076,1076,eye hurt stare gadget answer eye hurt onlin class
1077,1077,onlin class expens poblacion pldt internet hmggg
1078,1078,onlin class drain tire weak anxieti level increas
1079,1079,onlin class
1080,1080,onlin class
1081,1081,poya skwela onlin class
1082,1082,woke onlin class
1083,1083,cri day onlin class
1084,1084,exam major book facetofac book onlin class
1085,1085,onlin class
1086,1086,teacher handl onlin class anuna servic month
1087,1087,onlin class late
1088,1088,kinda school feel student kinda envi brother coz colleg onlin class
1089,1089,time fashion onlin class min
1090,1090,onlin class edg kill
1091,1091,honest onlin class bore
1092,1092,onlin class school
1093,1093,continu onlin class agre allow
1094,1094,futur graduat onlin class hahahaha
1095,1095,schedul synchron class onlin tutor ppt tomorrow wednesday
1096,1096,think onlin class school tire
1097,1097,onlin class kill bye
1098,1098,prefer onlin class stori lazi social distanc fashion
1099,1099,enrol ched realiz onlin class tire ligtasnabalikeskwela
1100,1100,lucki field studi awar technic aspect onlin class ched
1101,1101,dili sad onlin class tablet laptop hahahah sens imo phone highend wireless dex bigger screen workentertain
1102,1102,miss fuck deadlin tire onlin class shit
1103,1103,onlin class pay
1104,1104,adult talk thank onlin class hard wtf
1105,1105,school school studi studi wash cook school wear uniform aircond onlin class air condit aircon fee potaena char
1106,1106,hope student subject effect onlin class forward ched effect return tradit class
1107,1107,onlin setup hard hold govern account demand servic class resumpt safe inclus amp neglect freedom access educ anuna ched
1108,1108,onlin class academ ligtasnabalikeskwela
1109,1109,putangina account onlin class stock loa
1110,1110,cri ched' announc feel parent expens tuition onlin class honest improv onlin class
1111,1111,tangina chanc class jusq onlin class futur hard hard
1112,1112,hard time onlin class
1113,1113,onlin school shift career handl onlin class
1114,1114,ched feel onlin class effect
1115,1115,hope onlin class wast
1116,1116,onlin class ghaddd tire burnout mode learn colleg life hone capabl skill teach tired resent
1117,1117,onlin class hard teach hard teach care hour hard teach prof hero consider tire ched fight punyeta
1118,1118,joker ched onlin class town huhuhu bad freshman girl neighbor knock
1119,1119,afford spend entir onlin class
1120,1120,continu school internship truth onlin class drain
1121,1121,experi onlin class liann cindy' char possess time read ched' statement hey quot instagram demon
1122,1122,erefund raraba start januari rapajud januari start onlin class lamlam
1123,1123,enrol onlin class difficult plan bring student campu
1124,1124,flexibl learn onlin class whatsoev anobayan ched life
1125,1125,onlin class padin sem peopl judg mom judg disappear
1126,1126,courag learn onlin class requir assess
1127,1127,onlin class suck
1128,1128,school onlin class
1129,1129,hope covid
1130,1130,awit onlin class baniooo
1131,1131,ma'am onlin class
1132,1132,onlin class ladi sit duet
1133,1133,discov thruout onlin class discov love
1134,1134,onlin class
1135,1135,rememb onlin class gagu
1136,1136,bash progress stay onlin class hour
1137,1137,poyass onlin class listen properli god bibl learnfromtheb
1138,1138,tangena connect onlin class huh
1139,1139,main reason onlin class atleast stay dorm studi quietli scold dorm mate stay night bco requir
1140,1140,onlin class live
1141,1141,month onlin class
1142,1142,onlin class ride
1143,1143,final sem guess learn onlin class
1144,1144,stress week entir onlin class semest drain
1145,1145,onlin class close
1146,1146,onlin class kill energi
1147,1147,onlin class time
1148,1148,onlin class
1149,1149,lazi onlin class internet
1150,1150,onlin class touch raven alcohol marker denartsstuff
1151,1151,onlin meet student surpris couldntdidnt camera class tearyey bit academictwitt academicchatt stemeduc
1152,1152,earlier onlin class signal weak grandmoth
1153,1153,onlin class
1154,1154,req exam understood ooohhhhh tyl finish sem onlin class
1155,1155,air condition eelab onlin class
1156,1156,tngina onlin class talent
1157,1157,enrol onlin class friend answer quiz exam
1158,1158,fatigu level onlin class clean hous cook lunch dzai huhu kbye
1159,1159,attend onlin class amp
1160,1160,onlin class
1161,1161,onlin class
1162,1162,day pass attend onlin class stress digit exam mild symptom occasion cough cold manag god afebril
1163,1163,prepar handout tomorrow class teacher accept teach load school onlin class harder
1164,1164,gmeet brother game plan haha wfh onlin class bec pandem
1165,1165,attend onlin class prefer check activ gclass
1166,1166,onlin class exam
1167,1167,fam vacaymod brother kyri onlin class modul activ
1168,1168,educ class tip effect onlin facilit watch video share tip traineesclass learn experi virtual
1169,1169,kurt onlin class fun hahahaha
1170,1170,busi peopl watch proper onlin class hahaha
1171,1171,signatur pose walk hahah onlin class relax
1172,1172,lot peopl attend onlin class watch univers rabiya hope judg dish tasti
1173,1173,night lost appetit onlin class
1174,1174,attend onlin class watch univers prioriti aribarabiya
1175,1175,onlin class
1176,1176,onlin class late activ
1177,1177,onlin class
1178,1178,onlin classltmiss univers
1179,1179,scream onlin class woke univers philippin missunivers missunivers
1180,1180,hope happen onlin class pile pend
1181,1181,reason onlin class modul divi prepar watch missunivers asynchron hahahahaha balakaujan aribarabiya
1182,1182,day onlin class nmin tom
1183,1183,absent onlin class tom
1184,1184,onlin class hhmm
1185,1185,umay onlin class
1186,1186,pest onlin class classmat crush kalandian method virtual beauti
1187,1187,realiz class easi modular onlin class
1188,1188,truth easi onlin class yall meu truth anxieti depress
1189,1189,spend hour straight hour gadget onlin class wtf situat student
1190,1190,syag guidanc waaa onlin class weak
1191,1191,onlin class tire
1192,1192,onlin class life onlin class beach lifer
1193,1193,camerawoman mommi hahahaha light guy daddi prod team onlin class
1194,1194,brother dilig studi woke morn onlin class final output
1195,1195,onlin class kupal requir class shuta haha
1196,1196,onlin class catch requir
1197,1197,onlin class shuta
1198,1198,lamia magsam lge huhu onlin class perti kopoya
1199,1199,papa god pioneer onlin class transit understand parent
1200,1200,onlin class respect holiday
1201,1201,dedic onlin class hate
1202,1202,school onlin class
1203,1203,delet onlin class play cod huhu
1204,1204,learn fck onlin class fck kobe
1205,1205,wash dish onlin class
1206,1206,tire onlin class
1207,1207,talk onlin class afford uhm major financi statu guess consider modul easi understand activ difficult answer
1208,1208,umay onlin class haha
1209,1209,school tomorrow friday pupil yehey pupil dislik onlin class tomorrow tomorrow holiday school pupil onlin time
1210,1210,onlin class day pupil foot hurt teacher
1211,1211,onlin class taught depress
1212,1212,gipatay onlin class
1213,1213,onlin class harm
1214,1214,subd load potaena onlin class
1215,1215,graduat school difficult onlin class
1216,1216,onlin train pandem bad dami time word lectur note tanggal antok class nia
1217,1217,hahaha cool onlin class
1218,1218,day life awak tulflix kaen scrambl perfum kaen onlin class scrambl netflix babetim time leav hous focu goal
1219,1219,bet school yearanoth onlin class shuta mani
1220,1220,relat onlin class modul yarn
1221,1221,onlin class eat food
1222,1222,onlin class
1223,1223,wednesday rebond eat easili class imaw tom wait eat sweetest onlin class imaw tom hungri parlor
1224,1224,onlin class grade word start letter pupil dinosaur letter teach lard gad
1225,1225,onlin class drain
1226,1226,check repli wifi connect onlin class eye dim
1227,1227,feel priorit school onlin class keep tire
1228,1228,feel holiday holiday onlin class
1229,1229,onlin class unhealthi stop
1230,1230,soft copi modul quarter come school modular onlin class complet
1231,1231,lot pain awak onlin class
1232,1232,refer class materi question understand onlin class question understand kruuu answer haha bore chat
1233,1233,onlin class attend class bath multi task
1234,1234,famili onlin class assignmentproject mental breakdown
1235,1235,onlin class bore understand student haha
1236,1236,sick onlin class bed sit
1237,1237,putangina onlin class unhealthi watch netflix seri day
1238,1238,aliv dead hajshshshsjsj onlin class anw luck
1239,1239,sale ballpoint pen pencil slow onlin class wfh think hahahahahaha
1240,1240,dumb broke colleg kid stupid onlin class
1241,1241,struggl onlin class hey wake child god
1242,1242,onlin class ugli save
1243,1243,onlin busi onlin class
1244,1244,onlin class
1245,1245,onlin class colleg tomorrow tuition applic school
1246,1246,onlin class answer haha cuti request super fanfriday sbonratedjstarbuzz
1247,1247,calm retain onlin class anim
1248,1248,matter onlin class hahahahaha
1249,1249,hey pldt time internet onlin class connect lost
1250,1250,news barangay tanod appoint maintain silenc onlin class charot come
1251,1251,onlin class thailand hahahaha
1252,1252,googl drive content video onlin class
1253,1253,onlin class
1254,1254,student friend quisido onlin class
1255,1255,enrol onlin class
1256,1256,shettt midterm reach deadlin haha difficulti onlin class hahaha
1257,1257,onlin class
1258,1258,onlin class tomorrow goodnighttt
1259,1259,onlin class suu
1260,1260,feel pressur onlin class
1261,1261,skull head wall radiologyroentgen onlin class imagin
1262,1262,converg internet provid pandem famili bore pandem browsingwatch video lag onlin game realunlimit wfh onlineschool betterthanothertelco ownyourfast experiencebett fiberx
1263,1263,feel onlin class effect fight fight rest prepar recov
1264,1264,true onlin class damag eye class start class grrr
1265,1265,favor attend onlin class chose onlin class quiz special abus
1266,1266,public school onlin class wast tuition
1267,1267,month nga igod onlin class
1268,1268,laptop surviv onlin class
1269,1269,onlin gamer chat stop graduat advisori class time
1270,1270,converg internet provid pandem famili bore pandem browsingwatch video lag onlin game realunlimit wfh onlineschool betterthanothertelco ownyourfast experiencebett fiberx
1271,1271,watch tadaaa yaw naaa onlin class tologo
1272,1272,imagin bright onlin classil die die bbrightvc
1273,1273,faint onlin class bright hahaha juskr
1274,1274,onlin class continu print ton doc hahahaha strong
1275,1275,true onlin class stress train brain slow onlin zoom lol rememb sho
1276,1276,angri onlin class rank stupid peopl join angri hahahahahahaahahaha
1277,1277,cafe onlin class dmd volum hear music neighbor
1278,1278,converg internet provid pandemicmi famili bore pandem browsingwatch video lag onlin game realunlimit wfh onlineschool betterthanothertelco ownyourfast experiencebett fiberx
1279,1279,rare breakdown onlin class bad
1280,1280,prof call onlin class recit
1281,1281,happi moment onlin class
1282,1282,onlin class kubo vibe
1283,1283,onlin class
1284,1284,lazi ppt onlin class hehe
1285,1285,ulan brownout onlin class
1286,1286,cri buset onlin class
1287,1287,enter onlin class call
1288,1288,onlin class market manag colleg school math hahahahhaa payment fail pay edi congratul hahaha
1289,1289,quiz fall quiz ray answer ray grade hahaha cholera onlin class
1290,1290,oop onlin class
1291,1291,annoy attend prayer meet onlin class annoy suddenli move wednesday grr
1292,1292,whahahshahshahaha putangina monday monday joke time onlin class hayeoppp
1293,1293,learn lesson struggl becoz pandem friend student onlin class mean allow stop annoy nice transform hehe
1294,1294,hey onlin class caught stupid sip coffe hahaha
1295,1295,gaga onlin class list student section dejay ate hahahaha love
1296,1296,onlin class anim tast
1297,1297,attend gagi onlin class pure modular
1298,1298,hahahha onlin class cod
1299,1299,onlin class sleepi babi
1300,1300,day onlin class
1301,1301,converg internet provid pandemicmi famili bore pandem browsingwatch video lag onlin game realunlimit wfh onlineschool betterthanothertelco ownyourfast experiencebett fiberx
1302,1302,hey baekla onlin danc class inform
1303,1303,oright start ppt onlin class tomorrow hahahaha
1304,1304,earphon onlin class tomorrow
1305,1305,struggl onlin class educ cook studi
1306,1306,hate onlin class
1307,1307,laptop tire onlin class charg
1308,1308,panick chill onlin class numb
1309,1309,hope pull messag tiktok insta hope choos onlin class phone broken
1310,1310,lazi bad effect onlin class ltlt
1311,1311,onlin class destroy deact hamburg acc
1312,1312,lazi listen lectur onlin class watch law school listen lectur understand lawschoolep
1313,1313,learn pinterest onlin class
1314,1314,onlin class
1315,1315,attent student onlin class hahaha
1316,1316,onlin class lie hahaha
1317,1317,saturday onlin class
1318,1318,onlin class ika naman hahaha
1319,1319,onlin class super complaint bodi hurt grind lot money hahahah
1320,1320,onlin class parent middl class excus told continu activ left reason
1321,1321,shjc onlin class school final offici lord congratul
1322,1322,accessori ferd solid studi tabl scan bought onlin class
1323,1323,onlin class real illuminati
1324,1324,day onlin class shuta realiz sksksksksk
1325,1325,angri particip told acad suitabl remot learn onlin class hay onlin setup
1326,1326,brain handl onlin class
1327,1327,cousin onlin class teacher classmat recess hahahahhaa scold onlin class recess mind hahahahahah
1328,1328,awak onlin class eat sleep repeat huhuhuhuhu handl
1329,1329,onlin class potchi late hour hahahahahaha
1330,1330,bitter onlin class dali class pastil
1331,1331,onlin class haha
1332,1332,day grade exam push onlin class survivor luck morn
1333,1333,onlin class morn suck
1334,1334,yoko onlin class jusko
1335,1335,school onlin class
1336,1336,onlin class
1337,1337,onlin class list stress check learn class main concern focu learn grow rant
1338,1338,onlin class
1339,1339,miss naughti school naughti onlin class
1340,1340,fan onlin class lot virtual class meme
1341,1341,heart break slow connect student onlin class huhuh pass plane wooo
1342,1342,guro tashi readi share filipino martial art skill onlin consist class class guro tashi choos simpl easi practic fma techniqu learn walk journey experi philippin
1343,1343,teacher tire understand struggl life onlin class live
1344,1344,colleg hahahahahaha onlin class lol
1345,1345,onlin class matter angl absorb huhu decis enrol sem lol
1346,1346,feel sad semest happi chanc onlin class happen hahahahah
1347,1347,nice deac onlin class
1348,1348,lazi onlin class vacat
1349,1349,onlin class ambag internet
1350,1350,repeat routin wake morn coffe care onlin class
1351,1351,onlin class hungri
1352,1352,onlin class namern
1353,1353,nice onlin class
1354,1354,hard onlin class schedul prof attend meet afternoon night student duti meet afternoon student absent respons
1355,1355,bad trip wake class internet cheat hayyy onlin learn counterproduct wrong level coffe
1356,1356,attend concern regard connect upgrad fiber connect cut amp joke pay dearli properli amp onlin class child
1357,1357,mother smart finish onlin class ride bike
1358,1358,onlin class absent
1359,1359,onlin class lol
1360,1360,funni studi afraid fall blame
1361,1361,accent classmat ayuk enjoy listen onlin class hehe
1362,1362,bye onlin class
1363,1363,road final onlin class
1364,1364,pharma onlin class version drain hahahaha enjoy break marvin finish
1365,1365,studi attend onlin class
1366,1366,hey nervou conduct onlin class observ hahaha
1367,1367,onlin sabong onlin class
1368,1368,terribl onlin class report sir tulog cam char
1369,1369,senior hire sadli stop support onlin class kaloka feel drama grindr yoko delet app
1370,1370,niec onlin class subject music kid teacher sarah trend hahaha
1371,1371,repli hour check onlin class
1372,1372,lowest grade hahahahah hey onlin class damn pisti
1373,1373,valdez tire bebe tska onlin class anjan valdez rest strength
1374,1374,onlin class lazi
1375,1375,send onlin class
1376,1376,lose appetit onlin class
1377,1377,lesson wifi slow onlin class noisi cousin told
1378,1378,written session onlin review class life sad day amen
1379,1379,stress life pend school examin everyday onlin class watch penthous watch law school
1380,1380,bit expect leyeco post tac brownout onlin class hahaha
1381,1381,onlin class concert
1382,1382,wow onlin class awesom
1383,1383,onlin class
1384,1384,lord studi strong signal ambianc onlin class
1385,1385,lot learn video upload onlin kindli valid video upload refer onlin class
1386,1386,onlin class struggl
1387,1387,dash explod map onlin class
1388,1388,friend day increas req fun fun onlin class
1389,1389,posit paper hear voic onlin class hahahhah
1390,1390,yawaaa onlin class awesom
1391,1391,time slow onlin class deadlin task close time faster
1392,1392,tire cram onlin class oyyy lost food grrr
1393,1393,dad curiou onlin class topic basebal softbal replac teacher explain kinem amp hhaahha
1394,1394,day onlin class morn
1395,1395,feel escap feel onlin class fuck shit
1396,1396,onlin class present sooo answer answer hang
1397,1397,vacat onlin class finish
1398,1398,budol onlin hear charot wall tick correct practic post buddi middl class keme
1399,1399,bath readi onlin class
1400,1400,stay late morn woke onlin class anim ranjad immort
1401,1401,mom post super onlin class danger card scare friend famili privat account jealou close eye
1402,1402,onlin class watch
1403,1403,congratul colleg onlin class
1404,1404,esq school quiz onlin class charot lazi
1405,1405,super stress onlin class extra
1406,1406,onlin class putangina
1407,1407,onlin class wao
1408,1408,stress onlin class guard store mom feel hard time follow lesson tangina
1409,1409,onlin class cool hear
1410,1410,attend public hear panayguimarasnegro bridg late nako onlin class project guimara strait subpopul critic endang irrawaddi dolphin philippin
1411,1411,peopl understand studi struggl onlin class mindset sit sit laptop studi
1412,1412,kumusta escolarian feel stress emot drain onlin learn priorit well attend onlin class life saturday april
1413,1413,sleep onlin class
1414,1414,bed onlin class tomorrow morn
1415,1415,yeaaahhh onlin class wave
1416,1416,excit save money feel bad save onlin class
1417,1417,onlin class school studi tire
1418,1418,onlin class dzae tire hehe onlin class relax onlin class hahahahahahahahahahahahahahahahahahahahahaha
1419,1419,drink enter onlin class
1420,1420,onlin class
1421,1421,annoy destroy onlin class ahahahha
1422,1422,enter onlin class
1423,1423,hey umay onlin class collaps ahahahahahahahahahahahahahahahahahaha
1424,1424,final understand taught onlin class
1425,1425,onlin class peopl chill sit laptop cellphon stress setup onlin class promis drain chill
1426,1426,onlin class youtub hahahha hahahaha
1427,1427,onlin class sort
1428,1428,yay onlin class wrong class time hahhahahaha wrong link ma'am hahahahahahah
1429,1429,caught cost onlin class era
1430,1430,onlin class dumbfound hahahahha
1431,1431,learn onlin class enter learn
1432,1432,onlin class requir cam
1433,1433,idol busi onlin class dina lod
1434,1434,hey morn huhuhu patient mountain river onlin class huhuhu
1435,1435,hope understand onlin class difficult student class student
1436,1436,ampm super lie pee pmpm bath eat class onlin campu journal lie wfh set lazi unhealthi hahahaha friend return molino
1437,1437,onlin class delici
1438,1438,hope introduc onlin class punyeta
1439,1439,festiv onlin class hahahaha
1440,1440,studi onlin class
1441,1441,onlin class fight hahahahaha
1442,1442,class onlin hahaha cge absent perm
1443,1443,onlin class naman
1444,1444,mecq onlin class
1445,1445,onlin class amp
1446,1446,drink hang onlin class rude hahahahaha
1447,1447,wonder enrol bore live onlin class
1448,1448,stress onlin class classmat day hsxalden virtualfm headstogethervirtualfm
1449,1449,time onlin class mind mom dad disappoint born feel pressur
1450,1450,onlin class feel depress overlap activ troubl sleep think
1451,1451,discu share knowledg bunch student onlin platform imagin student subject start class weak
1452,1452,teacher class confus prereq prof prereq naget sem onlin setup rediscuss
1453,1453,singl feel bobo remot learn onlin class setup
1454,1454,honestli onlin class activ socm bwjsnwjwwhw covid stay tanginamo
1455,1455,onlin class mother suck teacher lol naol suck
1456,1456,brokenshir oldi effort adjust onlin class
1457,1457,onlin class distancelearn
1458,1458,onlin class
1459,1459,alcohol tonight stress onlin class
1460,1460,onlin class
1461,1461,yesterday rant neighbor sing sing moder loud asham onlin class
1462,1462,onlin board review class holiday happi weekend
1463,1463,onlin class feel bore onlin train
1464,1464,tbh messeng school messeng weekend japanes class holiday normal day
1465,1465,difficult class onlin
1466,1466,onlin class letter confid academicbreaknow
1467,1467,hahaha easier onlin class academicbreaknow
1468,1468,idk gonna surviv onlin class
1469,1469,hahahahaha onlin class plan
1470,1470,laptop birthday onlin class think onlin class
1471,1471,onlin class time wake video confer sleep hahahaha
1472,1472,day onlin class brain vacat
1473,1473,tire onlin class
1474,1474,student onlin class
1475,1475,cut onlin class late ahahhahahahahaha larryyi
1476,1476,honey gmeet onlin class son yesterday contact lintek ticket fix
1477,1477,connect honey gmeet onlin class son power offer upgrad servic rotten charg pay yesterday
1478,1478,pta finish accompani onlin class yoko naaa
1479,1479,hmm anu pwede studi psycholog effect onlin class cpag student
1480,1480,told mom hard time onlin class learn told late
1481,1481,friend tire school onlin class modul friend dream amp famili grab opportun tired suffer fight
1482,1482,major asa nani padung gyud reason freak kapoy biya gyud onlin class
1483,1483,peopl subject onlin class learn naol naol naol
1484,1484,onlin class whuttt pldt
1485,1485,onlin class shuta
1486,1486,onlin class assign wiw
1487,1487,fyi connect malibay pasay citi check nephew onlin class
1488,1488,imagin onlin class
1489,1489,thank onlin class smooth prof hope morn continu hope dismiss haha
1490,1490,mom onlin class mom govern hahahahaha
1491,1491,paid mbp nice onlin biz wfh onlin class bum fiberx ownyourfast experiencebett
1492,1492,onlin class continu learn
1493,1493,run load onlin class
1494,1494,step motiv game friggin onlin class disappear middl class
1495,1495,reason attend onlin class earlier hahaha reason byahee emee
1496,1496,onlin class stress
1497,1497,onlin class school
1498,1498,goat onlin class respons nois eat grass
1499,1499,strength jame ampota' trip onlin class
1500,1500,morn onlin mass onlin class juskolord easter tuesday
1501,1501,onlin class
1502,1502,onlin class period time academicbreaknow
1503,1503,eeehhh trip lot housework onlin class focu onlin class focu class
1504,1504,meme haha kayooo hahaha tire meme remot learn onlin class useless administr
1505,1505,onlin class easi hard lazi studi
1506,1506,rude class tire onlin class fever chosss ligtasnabalikeskwela
1507,1507,famili time onlin class
1508,1508,tire onlin class joke perform
1509,1509,stay late ppt activ teach bear extens ecq parent livelihood child continu spend onlin class hard
1510,1510,babe tomorrow onlin class teacher friend teacher
1511,1511,lazi onlin class
1512,1512,cri tire onlin class mother' situat complic rest peac lord
1513,1513,imagin suffer incompet depe ched care money onlin class putangina bring duturtl
1514,1514,woke sing ahhaahgaga class onlin class late hahahaha
1515,1515,onlin class converg happi
1516,1516,monday onlin class
1517,1517,bulacan onlin class
1518,1518,lorddd understand onlin class
1519,1519,onlin class week start continu
1520,1520,job onlin class mute unwant nois discuss hahahahaha
1521,1521,happi onlin rambun hahahaha class tomorrow continu rambl hahahahah
1522,1522,onlin class onlin class ego sleep
1523,1523,onlin meet onlin class time plan sleep bogsz potacca
1524,1524,forgot onlin class
1525,1525,onlin class season complain academ freez hahahahahhaa
1526,1526,shit laptop earlier onlin class covid potek
1527,1527,onlin class taught lazi
1528,1528,onlin class wave
1529,1529,share post onlin class school tomorrow classmat comment react curv score
1530,1530,ride onlin class
1531,1531,yawa anxiou futur onlin class skill-bas devil
1532,1532,sit dpn ipad onlin class mba base responsesfeedback classmat realis cultur takut kena penal nda dpt attend class
1533,1533,ili taylor normal announc hahahha stupid stress onlin class government' whine hahahahsh
1534,1534,endors hot wahhahaha fiber onlin class jusq
1535,1535,onlin class periodt
1536,1536,worth law school onlin class
1537,1537,fave coupl met colleg poteekkk mind ehh joke colleg onlin class hahahahahaha silli
1538,1538,efan bed onlin class suppli
1539,1539,share station start conduct onlin class facetofac class academictwitt academicchatt onlineclass workfromhom onlineteach
1540,1540,bye onlin class
1541,1541,feel breath activ onlin class holi week
1542,1542,pain caus onlin class
1543,1543,tire situat compar onlin class frick shit
1544,1544,onlin class countri
1545,1545,finish onlin class curfew earlier
1546,1546,final tuition payment son ipad onlin class impass
1547,1547,happi tire onlin class day wake attend googl meet sleep activ headach day sing
1548,1548,class pictur proof class favorit onlin class
1549,1549,toxic socm nice socm detox forget onlin class
1550,1550,ecq differ onlin class add stress hahshshshsh
1551,1551,onlin class load regist hahahahaha meresee play volleybal hahahaha
1552,1552,student hanggat niyo tuloy lang kayo onlin class stress breath refuel energi mark speaker usaptayo mentalhealthph
1553,1553,onlin class haircut haaay
1554,1554,answer quipper examsquizz zoom gmeet lol tire onlin class
1555,1555,rais alarm onlin class prof
1556,1556,onlin class stress
1557,1557,pass onlin class damn
1558,1558,edit video onlin class
1559,1559,feel onlin class facebook
1560,1560,onlin class jam
1561,1561,school tomorrow onlin workout class heaven hahaha char corni
1562,1562,student recogn background onlin class earlier ahaha class nctzen hahaha guess bia haha
1563,1563,onlin class
1564,1564,fell asleep onlin class ma'am
1565,1565,teenag waley onlin class modul week
1566,1566,holi week onlin class shutaaa
1567,1567,mah onlin class
1568,1568,onlin class night
1569,1569,onlin class mewsuppasit
1570,1570,march stop wast money pay onlin class applic base
1571,1571,twitter busi onlin class
1572,1572,onlin class
1573,1573,modul onlin class review exam sister girl hahahahaha
1574,1574,worth interior onlin class mess hahahahahahahhaha
1575,1575,wash self-car readi exam buhay onlin class bore
1576,1576,onlin class sana
1577,1577,mother-in-law' grandchild onlin class
1578,1578,differ onlin class
1579,1579,die food day stress onlin class
1580,1580,onlin class toxic bad eye pain chang glass
1581,1581,plan resid postpon student onlin class set
1582,1582,jusq hahahahahahah enjoy hope graduat onlin class
1583,1583,nail twitter onlin class hahaha
1584,1584,fourth letter cours schedul wall onlin class putchaaaka
1585,1585,speak experienc activ onlin class time slow connect consider understand prof salut ma'am
1586,1586,lucki consider understand teacher onlin class lose appetit motiv learn increas
1587,1587,feel onlin class
1588,1588,tire onlin class
1589,1589,sleepi onlin class
1590,1590,stupidli forgot chel onlin class hahahaha shuta gay absent
1591,1591,feel quiz onlin class sens fulfil
1592,1592,onlin class forget bath bath walk
1593,1593,davao drain onlin class set
1594,1594,bff leoh onlin class hahahahaha yawa faster transact
1595,1595,onlin class lazi
1596,1596,ultim stock knowledg learn onlin class
1597,1597,biochem molar onlin class hard
1598,1598,co-conduct onlin class paet
1599,1599,onlin summer class
1600,1600,modul onlin class crazi bartend demonstr demonstr drunk wave throw
1601,1601,honest onlin class bore
1602,1602,onlin class dad onlin cock
1603,1603,onlin class meralco hahaha
1604,1604,pain onlin class
1605,1605,late respons onlin class claim
1606,1606,guy meaning onlin class time
1607,1607,handsom jose forget tire onlin class
1608,1608,themorningrush topic suggest goodcopbadcop eat cop hey diet organ restaur bad cop diet tara samgyup glass cop onlin class bad cop
1609,1609,gain onlin class quarantin
1610,1610,worri slow signal onlin class
1611,1611,teach face-to-fac peopl cooper teach onlin class attack child fun
1612,1612,difficult onlin class
1613,1613,onlin class slow pro fast hahahahaha
1614,1614,karl flap onlin class
1615,1615,ite' onlin class recit love math recit ite recit imagin catherin love math
1616,1616,onlin class angulo kakasusu easi harder
1617,1617,pre onlin class goodmorn
1618,1618,favorit colleg onlin class
1619,1619,attend listen onlin class watch pilot episod block night issu arriv
1620,1620,class sad struggl disappear classmat onlin class sad
1621,1621,animaaall onlin miss hahahahahhahahahahahahaha wow hahahahahahahahahhahahahahahahahahahahahahahahahahahahahahahahahahahahahahahahahahahahahahahahahahahahahahahahahahahahahahahahahahahahahahahahahahahahahahahahahahahahahahahahahahahahahahahahahahahahahahahahahahahahahahahahahahahahahahahahahahahahahahahahahahahahahahahahahahahahahahahahahahahahahahahahahahahahahahahahahahahahahahahahahahahahahahahahahahahahahahahahaha
1622,1622,help money student assist program enter onlin class student studi nmax
1623,1623,graduat onlin class colleg
1624,1624,graduat onlin class hahahaha colleg stupid real life applic hahahaha
1625,1625,held onlin class
1626,1626,amoy onlin class bachelor scienc automot lockdown season
1627,1627,wrong sleep fuckin onlin class
1628,1628,prefer onlin class
1629,1629,hahahahaah onlin class
1630,1630,studi onlin class putcha
1631,1631,hahahahaha major onlin class ting hygyaw
1632,1632,onlin class schl tire tire stress internet connect
1633,1633,sleep onlin class sleepi
1634,1634,enjoy onlin class account
1635,1635,magworkout onlin class mood
1636,1636,shut colleg onlin class
1637,1637,kid kill sleep onlin class motiv burn sem graduat stay healthi devil safe
1638,1638,yung onlin class
1639,1639,meet focu listen focus talk onlin class
1640,1640,rant abt acad friend teacher read hahahaha mind onlin class
1641,1641,onlin class semest enrol bore
1642,1642,inevit onlin class sem sir kado
1643,1643,orayt onlin class
1644,1644,morn monday time onlin class tsk mondaythought moodoftheday
1645,1645,upset secretari onlin class sunday
1646,1646,husband teach ma'am' kadi onlin class
1647,1647,gcash pacash panload onlin class
1648,1648,sister week sched week onlin class
1649,1649,feel onlin class enrol abm stem hahahahahaha
1650,1650,day grind nationalbkdorient maem class day intend quiet moment play dota print lesf spend sunday onlin day onlin class
1651,1651,hesit onlin class vacat hahahaha
1652,1652,huhu onlin class class
1653,1653,stay strong onlin class
1654,1654,onlin class cebu
1655,1655,cool play game onlin class time
1656,1656,handsom hashh cute onlin class jump lap nap
1657,1657,feel onlin class close etuinset depedinset
1658,1658,terribl lord dean lister son lot school errand lord surviv onlin class lord
1659,1659,onlin class lose appetit
1660,1660,readi onlin class come monday tyeso vacuuminsatedmug reigermarmademebuyit
1661,1661,hope tire onlin class
1662,1662,hahaha think sem start loa feel fit onlin class
1663,1663,onlin class onlin cock haha
1664,1664,embarrass experi onlin class naunsa ooyyy
1665,1665,summer taekwondo clinic offer onlin class zoom privat class privat class min detail contact ocamponettc nettcsummertkdclin philippinetaekwondoassoci
1666,1666,enrol korean class onlin discount class start weekend
1667,1667,onlin class drop hahahahahahahaha
1668,1668,school onlin class learn constantli absent onlin class hahahaha feel onlin semest juy enter brain cute
1669,1669,onlin class laptop broke fun
1670,1670,tire onlin class hurri tire stay
1671,1671,onlin class fun
1672,1672,onlin class mojito
1673,1673,onlin class demon hahahahahahahaha
1674,1674,onlin class
1675,1675,ladi gentleman onlin class batch favoriteson maryhil colleg lucena citi
1676,1676,feel mom onlin class
1677,1677,bullshit onlin class
1678,1678,holiday panay island fun school rememb onlin class manila-bas school lock
1679,1679,read onlin class upload modul upload activ upload activ upload activ activ quiz hihihi
1680,1680,manila bore provinc time hard onlin class equip activ
1681,1681,obviou onlin class paniman beach
1682,1682,campu memo onlin class includ hahahahaha
1683,1683,sleep onlin class
1684,1684,realiti nasad ani onlin class
1685,1685,onlin night dawn late class hahhahahga
1686,1686,onlin class activ
1687,1687,lectur prefer physic class talk onlin class hahaha fulfil student person reaction genuin learn hope pandem
1688,1688,struggl adjust onlin class set lazi record post remind love job difficult accomplish lot
1689,1689,hard onlin class laptop
1690,1690,attend onlin class hahahahaha
1691,1691,wow tire onlin class
1692,1692,realiti life wifi cut attend onlin class
1693,1693,onlin class buddi
1694,1694,hey tita amp kuya remind onlin class situat renov hous juskooo plan sksksk
1695,1695,phone haha onlin class
1696,1696,sir jose perfect prof onlin class
1697,1697,spend weekend attend onlin class trust oper invest manag bambu estat davao
1698,1698,readi onlin class ggss pinagkawitan lipa citi increas
1699,1699,onlin class school day
1700,1700,goodmorn onlin class
1701,1701,luckili class onlin whahaahaah bath
1702,1702,nois cancel microphoneampheadphonenew upgrad onlin class headset nois cancel mic dual port builtin nois reduct headphon link
1703,1703,mind green ping choppi choppi onlin class
1704,1704,hope select onlin class
1705,1705,absenc onlin class fail
1706,1706,onlin class cam trip
1707,1707,potangina learn onlin class stupid
1708,1708,onlin class
1709,1709,forget kuan classmat onlin class
1710,1710,class morn onlin class
1711,1711,onlin class day sheeet
1712,1712,struggl onlin class tolt
1713,1713,onlin class shit
1714,1714,onlin class
1715,1715,hungri onlin class breakfast
1716,1716,modul suddenli chat class told wtf day modul onlin
1717,1717,kaumay tong onlin class lokohan prof zzz
1718,1718,pass onlin class rich afford load day synchron asynchron meet internet
1719,1719,handl onlin class
1720,1720,struggl onlin class perfectli screenshot student frame
1721,1721,hard onlin class
1722,1722,onlin class impact life hate laptop
1723,1723,onlin class congratul ahaha
1724,1724,hard wake cousin onlin class sprinkl water
1725,1725,hate film view class hate onlin class movi tend discuss lectur read stuff
1726,1726,onlin class cellphon
1727,1727,onlin class tire
1728,1728,ma'am ivana even patient inconveni busi peopl read son' cellphon onlin class
1729,1729,peopl onlin class
1730,1730,seri unfortun event onlin class edit
1731,1731,golden onlin class
1732,1732,laptop onlin class
1733,1733,tire tire onlin class wake woke everyday readi onlin class
1734,1734,onlin class tomorrow
1735,1735,spot onlin class
1736,1736,continu onlin class hurt eye
1737,1737,yawaa onlin class oyyy
1738,1738,putangina onlin class
1739,1739,run storag onlin class app
1740,1740,stupid onlin class
1741,1741,onlin class time typee
1742,1742,onlin class jejeb class differ straight friend' dorm
1743,1743,promis lectur student learn conceptstop meet onlin class tire worth student pay
1744,1744,yesterday onlin class webinar day deadlin
1745,1745,fafa tibay lab lab peng apon onlin class hahahahaha
1746,1746,itinerari tomorrow onlin class lac session afternoon makakaluwa mstla sanh modul unionbank amp landbank option success celeb hmmm straight pegposit lang
1747,1747,onlin class april
1748,1748,onlin class
1749,1749,onlin class bianca amp mae
1750,1750,rememb patrick sitio malin scholar adjust onlin class
1751,1751,onlin class mtw ppt
1752,1752,meet blocksmat nangyari onlin class set wholesom love mapafirst sem sem yan
1753,1753,schedul onlin class kinem day hahaha
1754,1754,difficulti onlin class add comput
1755,1755,onlin class woe student offer abil lose head unaddress issu line
1756,1756,color hair allow onlin class
1757,1757,shame hard sem onlin class
1758,1758,tire onlin class
1759,1759,onlin class
1760,1760,ict onlin class
1761,1761,onlin class lie
1762,1762,onlin class anxiety-induc
1763,1763,onlin class wave againnn
1764,1764,creat messeng account onlin class updat event graduat hahahaha
1765,1765,wait onlin class readi uninstal messeng
1766,1766,blockmat oooh formal wear tie onlin class hahahaha
1767,1767,neglect onlin class bit
1768,1768,roommat onlin class play cod press rais hand call hwhahahahahahahaha answer question
1769,1769,onlin class hahahahhaa sit hahahbababa
1770,1770,onlin class
1771,1771,fourth happi fourth month minoo wake morn onlin class hahahahahahahaha super super love daddi
1772,1772,onlin class feel sens product listen class hustl yeah tough padayon
1773,1773,onlin class tire
1774,1774,poya ane onlin class yawa
1775,1775,feel physic educ onlin class
1776,1776,tablet lang onlin class
1777,1777,forc onlin class
1778,1778,collect sold laptop creat wait parent money electr water internet bill onlin class
1779,1779,learn book read potek onlin class gt_lt
1780,1780,onlin class start master
1781,1781,onlin class school hahaha
1782,1782,struggl real onlin class pota
1783,1783,gago slept onlin class
1784,1784,med guy onlin class yesterday haha
1785,1785,onlin class
1786,1786,onlin class haha
1787,1787,troubl onlin class moment heaven starla
1788,1788,onlin class attend
1789,1789,sleepi onlin class
1790,1790,onlin class ojt
1791,1791,love onlin class school hahahahahahah
1792,1792,quarter sem memor sched onlin class
1793,1793,badiday recess onlin class start
1794,1794,drink coffe onlin class fall asleep class
1795,1795,ghad morn internet connect brother onlin class wfh repli asap
